{"cremorne": [-37.829719, 144.990346], "caulfield": [-37.880479, 145.026806], "carnegie": [-37.889336, 145.058121], "kingsville": [-37.812635, 144.881803], "south kingsville": [-37.833627, 144.87074199999998], "tottenham": [-37.799065, 144.857829], "balaclava": [-37.869023, 144.995478], "fitzroy north": [-37.7834, 144.98468799999998], "kingsbury": [-37.714064, 145.035103], "gardenvale": [-37.896915, 145.005249], "windsor": [-37.856159000000005, 144.9922], "caulfield south": [-37.886903000000004, 145.02197900000002], "maidstone": [-37.782096, 144.874299], "hawthorn": [-37.834855, 145.052097], "prahran": [-37.849577000000004, 144.99371399999998], "essendon north": [-37.744374, 144.909853], "seddon": [-37.808769, 144.895486], "airport west": [-37.711698, 144.88703700000002], "black rock": [-37.973503, 145.01658], "williamstown north": [-37.857681, 144.88704099999998], "northcote": [-37.769857, 144.995276], "fairfield": [-37.776946, 145.018479], "thornbury": [-37.75504, 144.99858899999998], "princes hill": [-37.780995000000004, 144.96279199999998], "clifton hill": [-37.788118, 144.992067], "abbotsford": [-37.801781, 144.998752], "brunswick east": [-37.76491, 144.979567], "collingwood": [-37.800366, 144.984149], "fitzroy": [-37.800917, 144.979165], "brunswick": [-37.764829, 144.943778], "carlton north": [-37.784337, 144.96974699999998], "carlton": [-37.784337, 144.96974699999998], "parkville": [-37.788531, 144.947731], "melbourne (3000)": [-37.814563, 144.97026699999998], "armadale": [-37.85934, 145.018505], "balwyn north": [-37.792835, 145.071727], "toorak": [-37.84216, 145.017966], "kooyong": [-37.840702, 145.032101], "burnley": [-37.826869, 145.00709799999998], "kew east": [-37.796246000000004, 145.049017], "kew": [-37.797982, 145.053727], "canterbury": [-37.824249, 145.073114], "camberwell": [-37.824818, 145.05795700000002], "hawthorn east": [-37.782253999999995, 145.001811], "southbank": [-37.823258, 144.965926], "ormond": [-37.904059000000004, 145.040899], "balwyn": [-37.809701000000004, 145.082303], "preston": [-37.738735999999996, 145.00051499999998], "elwood": [-37.888121000000005, 144.985026], "docklands": [-37.814719000000004, 144.948039], "richmond": [-37.818587, 144.999181], "east melbourne": [-37.81664, 144.98781100000002], "south yarra": [-37.837883000000005, 144.991123], "middle park": [-37.849721, 144.965136], "glen iris": [-37.854687, 145.067215], "north melbourne": [-37.905996, 145.056254], "hadfield": [-37.707238000000004, 144.93832], "caulfield north": [-37.901678000000004, 145.02357], "brunswick west": [-37.762489, 144.961176], "coburg north": [-37.730841999999996, 144.971699], "malvern east": [-37.878370000000004, 145.067892], "reservoir": [-37.716896999999996, 145.00698500000001], "malvern": [-37.861427, 145.02850800000002], "glen huntly": [-37.889239, 145.040629], "coburg": [-37.743188, 144.96627900000001], "fawkner": [-37.759823, 144.89571], "ashburton": [-37.863393, 145.07942], "pascoe vale south": [-37.739197999999995, 144.945722], "caulfield east": [-37.875412, 145.041976], "travancore": [-37.777772999999996, 144.929915], "pascoe vale": [-37.727568, 144.939122], "st kilda east": [-37.866458, 145.000047], "south melbourne": [-37.93291, 145.033718], "essendon": [-37.754973, 144.917407], "flemington": [-37.788375, 144.93147199999999], "albert park": [-37.840705, 144.95571], "murrumbeena": [-37.89069, 145.067589], "st kilda": [-37.867573, 144.978814], "glenroy": [-37.704581, 144.915758], "kensington": [-37.794333, 144.929217], "ripponlea": [-37.876692, 144.996194], "hughesdale": [-37.895763, 145.07654499999998], "st kilda west": [-37.860901, 144.972523], "strathmore": [-37.735876, 144.919176], "moonee ponds": [-37.765707, 144.919163], "aberfeldie": [-37.75669, 144.89625900000001], "oak park": [-37.71817, 144.919959], "ascot vale": [-37.77583, 144.923377], "elsternwick": [-37.884724, 145.004153], "west melbourne": [-37.806255, 144.941123], "mckinnon": [-37.910967, 145.037483], "gowanbrae": [-37.706315999999994, 144.89488500000002], "strathmore heights": [-37.716678, 144.897568], "bentleigh": [-37.918057, 145.03544399999998], "brighton east": [-37.904879, 145.002603], "footscray": [-37.79977, 144.89958700000003], "port melbourne": [-37.975682, 145.03046799999998], "maribyrnong": [-37.772228999999996, 144.886116], "bentleigh east": [-37.927402, 145.059412], "brighton": [-37.913149, 144.991682], "essendon west": [-37.753802, 144.888271], "seaholme": [-37.867992, 144.84360900000001], "niddrie": [-37.736031, 144.889072], "hampton east": [-37.933603000000005, 145.034175], "yarraville": [-37.816178, 144.889774], "spotswood": [-37.82967, 144.885078], "newport": [-37.842477, 144.88314499999998], "avondale heights": [-37.742284000000005, 144.81515], "west footscray": [-37.797701, 144.879924], "braybrook": [-37.779309000000005, 144.85535900000002], "beaumaris": [-37.986284999999995, 145.032876], "williamstown": [-37.856902000000005, 144.897698], "sandringham": [-37.952493, 145.012316], "altona north": [-37.842878999999996, 144.850049], "altona": [-37.869275, 144.830286], "altona meadows": [-37.871632, 144.778084], "seabrook": [-37.877626, 144.75777], "melbourne (3004)": [-37.837324, 144.976335]}